SpeciesName,StateName,a0,a0.5,a1,a2,a3,a4,a5,SquareFlag,WD
Anogeissus latifolia,Chhattisgarh,0.13053,,-1.94625,11.67213,,,,0,0.79
Cleistenthus collinus,Chhattisgarh,-0.03915,,0.16295,4.09182,,,,0,0.63
Diospyrus melanoxylon,Chhattisgarh,0.0333,,-0.93267,8.15911,1.30093,,,0,0.68
Lagerstroemia parviflora,Chhattisgarh,0.01617,,-0.66446,9.71038,,,,0,0.62
Miscellaneous,Chhattisgarh,0.04935,,-1.026608,8.89721,,,,0,0.63
Shorea robusta,Chhattisgarh,0.30205,-2.2544,5.63243,,,,,1,0.684
Tectona grandis,Chhattisgarh,0.04346,-0.26352,,8.79334,,,,0,0.55
Aglaia barberi,Karnataka,0.289,,-2.653,11.771,,,,0,0.63
Aglaia sp.,Karnataka,0.289,,-2.653,11.771,,,,0,0.63
Anogeissus latifolia,Karnataka,-0.004378,,,4.575823,,,,1,0.79
Artocarpus heterophyllus,Karnataka,0.076,,-1.319,11.37,,,,0,0.6
Artocarpus hirsutus,Karnataka,0.076,,-1.319,11.37,,,,0,0.52
Artocarpus sp.,Karnataka,0.076,,-1.319,11.37,,,,0,0.6
Bauhinea recemosa,Karnataka,-0.04262,,0,6.09491,,,,0,0.67
Bauhinia malabarica,Karnataka,-0.04262,,0,6.09491,,,,0,0.63
Bauhinia racemosa,Karnataka,-0.04262,,0,6.09491,,,,0,0.67
Bauhunia verigata,Karnataka,-0.04262,,0,6.09491,,,,0,0.7
Beilschmiedia wightii,Karnataka,0.51191,-1.78643,0,11.19974,,,,0,0.63
Bombax ceiba,Karnataka,0.03429,,-0.16536,5.0374,4.6046,,,0,0.33
Bombax malabaricum,Karnataka,0.03429,,-0.16536,5.0374,4.6046,,,0,0.33
Buchanania lanzan,Karnataka,0.019341,,-0.262689,4.293135,,,,0,0.45
Careya arborea,Karnataka,0.003,,-0.848,7.342,,,,0,0.8
Casearia ovata,Karnataka,0.14031,,-2.06478,11.2575,,,,0,0.63
Cinnamomum malabathrum,Karnataka,0.089,,-1.242,9.732,,,,0,0.64
Cinnamomum malabatrum,Karnataka,0.089,,-1.242,9.732,,,,0,0.64
Dalbergia latifolia,Karnataka,0.18945,,-2.46215,10.54462,,,,0,0.8
Dillenia pentagyna,Karnataka,0.07,,-1.295,9.429,,,,0,0.633
Diospyros buxifolia,Karnataka,0.92625,-4.67222,7.86461,,,,,1,0.7
Diospyros candolleana,Karnataka,0.92625,-4.67222,7.86461,,,,,1,0.7
Diospyros montana,Karnataka,0.92625,-4.67222,7.86461,,,,,1,0.7
Diospyros sylvatica,Karnataka,0.92625,-4.67222,7.86461,,,,,1,0.7
Diospyrus sylvatica,Karnataka,0.92625,-4.67222,7.86461,,,,,1,0.7
Ficus benghalensis,Karnataka,0.03629,-0.84421,3.95389,,,,,1,0.59
Ficus hispida,Karnataka,0.03629,-0.84421,3.95389,,,,,1,0.39
Ficus sp.,Karnataka,0.03629,-0.84421,3.95389,,,,,1,0.39
Grewia tiliaefolia,Karnataka,-0.01611,,,4.9081,,,,0,0.65
Grewia tiliifolia,Karnataka,-0.01611,,,4.9081,,,,0,0.65
Lagerstroemia microcarpa,Karnataka,0.1174,,-1.58941,9.76464,,,,0,0.5
Macaranga peltata,Karnataka,0.13333,,-2.18825,13.12678,,,,0,0.53
Miscellaneous,Karnataka,0.058,,,4.598,,,,0,0.63
Mitragyna parvifolia,Karnataka,0.048795,,-1.241364,9.496613,,,,0,0.56
Olea dioica,Karnataka,-0.03001,,,5.75523,,,,0,0.63
Ougeinia oojeinensis,Karnataka,0.025941,,-0.832619,8.285841,,,,0,0.63
Schleichera oleosa,Karnataka,0.01,,-0.912,11.396,,,,0,1.08
Semecarpus anacardium,Karnataka,1.67477,-9.43386,14.83747,,,,,1,0.63
Spondias pinnata,Karnataka,0.49487,-2.95076,6.18662,,,,,1,0.23
Syzygium cumini,Karnataka,-0.00094,,,6.15921,,,,0,0.76
Tectona grandis,Karnataka,0.086,,,5.641,,,,0,0.72
Terminalia bellirica,Karnataka,0.26454,,-3.05249,12.3574,,,,0,0.72
Terminalia paniculata,Karnataka,0.131,,-1.87132,9.47861,,,,0,0.62
Terminalia tomentosa,Karnataka,0.06517,,-0.21738,3.96894,4.63954,,,0,0.77
Toona ciliata,Karnataka,1.10314,3.52579,,15.50182,,,,0,0.56
Xylia xylocarpa,Karnataka,0.01631,,2.20921,,,,,1,0.81
Ziziphus rugosa,Karnataka,0.027354,,,4.663714,,,,0,0.76
Syzygium gardneri,Karnataka,-0.13284,,1.88944,-4.96385,,,,0,0.76
Acacia catechu,Madhya Pradesh,0.04235,,-0.7424,7.26875,,,,0,0.88
Anogeissus latifolia,Madhya Pradesh,0.11242,,-2.13817,16.4304,-7.23272,,,0,0.79
Diospyros melanoxylon,Madhya Pradesh,0.0333,,-0.93267,8.15911,1.30093,,,0,0.68
Lagerstroemia parviflora,Madhya Pradesh,0.01617,,-0.66446,9.71038,,,,0,0.62
Lannea coromandelica,Madhya Pradesh,0.046731,,-0.962906,7.301883,,,,0,0.54
Madhuca longifolia,Madhya Pradesh,-0.00092,,-0.55547,7.3446,,,,0,0.74
Miscellaneous,Madhya Pradesh,0.0697,,-1.4597,11.79933,-2.35397,,,0,0.63
Shorea robusta,Madhya Pradesh,0.30205,-2.2544,5.63243,,,,,1,0.684
Tectona Grandis,Madhya Pradesh,0.04346,-0.26352,,8.79334,,,,0,0.55
Terminalia allata,Madhya Pradesh,0.33695,-1.23004,,11.86676,,,,0,0.63
Terminalia paninculata,Madhya Pradesh,0.131,,-1.87132,9.47861,,,,0,0.63
